{
    "evaluation_frequency": {
        "frequency": 1,
        "period": "epoch"
    },
    "test": {
        "combined": {
            "loss": [
                8218.34765625,
                6789.93896484375,
                3821.85791015625,
                3738.424072265625,
                3768.742919921875,
                3690.533203125,
                3026.630859375,
                2989.43408203125,
                2992.0869140625,
                2817.52685546875,
                3134.0771484375,
                2892.90771484375,
                2610.188232421875,
                2478.5830078125,
                2579.15966796875
            ]
        },
        "total": {
            "loss": [
                8316.087890625,
                6839.171875,
                3873.856201171875,
                3789.763916015625,
                3821.99951171875,
                3747.475341796875,
                3040.640625,
                3016.104248046875,
                3021.136474609375,
                2832.511474609375,
                3157.58349609375,
                2914.239501953125,
                2614.725341796875,
                2482.9384765625,
                2576.79345703125
            ],
            "mean_absolute_error": [
                63.87006759643555,
                60.41337966918945,
                46.808998107910156,
                45.901100158691406,
                44.42958068847656,
                45.5404052734375,
                41.67742919921875,
                41.047706604003906,
                41.36863708496094,
                40.12833786010742,
                42.183265686035156,
                40.772037506103516,
                38.79864501953125,
                37.89972686767578,
                38.35307693481445
            ],
            "mean_absolute_percentage_error": [
                2.273650646209717,
                2.0376288890838623,
                1.414966344833374,
                1.5222347974777222,
                1.2738194465637207,
                1.4985486268997192,
                1.20286226272583,
                1.2193105220794678,
                1.2675081491470337,
                1.1529361009597778,
                1.3266632556915283,
                1.2454874515533447,
                1.1277612447738647,
                1.0734076499938965,
                1.1157820224761963
            ],
            "mean_squared_error": [
                8316.087890625,
                6839.17236328125,
                3873.856201171875,
                3789.763427734375,
                3821.999267578125,
                3747.475341796875,
                3040.640380859375,
                3016.104248046875,
                3021.136474609375,
                2832.511474609375,
                3157.583740234375,
                2914.239501953125,
                2614.725341796875,
                2482.9384765625,
                2576.793212890625
            ],
            "r2": [
                -2.333235263824463,
                -1.7412614822387695,
                -0.5527101755142212,
                -0.5190043449401855,
                -0.5319249629974365,
                -0.5020544528961182,
                -0.2187424898147583,
                -0.20890796184539795,
                -0.21092498302459717,
                -0.135320782661438,
                -0.2656155824661255,
                -0.16807878017425537,
                -0.04802823066711426,
                0.0047942399978637695,
                -0.03282439708709717
            ],
            "root_mean_squared_error": [
                91.19258880615234,
                82.69928741455078,
                62.24031066894531,
                61.56105422973633,
                61.822322845458984,
                61.21662902832031,
                55.14200210571289,
                54.9190673828125,
                54.964866638183594,
                53.221343994140625,
                56.1923828125,
                53.98369598388672,
                51.13438415527344,
                49.82909393310547,
                50.762123107910156
            ],
            "root_mean_squared_percentage_error": [
                5.3130269050598145,
                4.104215621948242,
                2.884033679962158,
                3.2390737533569336,
                2.522296905517578,
                3.02644419670105,
                2.1259093284606934,
                2.332831859588623,
                2.548543691635132,
                2.2484536170959473,
                2.709550380706787,
                2.4983668327331543,
                2.1186001300811768,
                1.9444568157196045,
                2.067260265350342
            ]
        }
    },
    "training": {
        "combined": {
            "loss": [
                9331.935546875,
                8725.115234375,
                4849.9296875,
                3869.704833984375,
                2669.87109375,
                3322.440185546875,
                2583.586669921875,
                2346.475341796875,
                2312.177978515625,
                2245.839111328125,
                2244.65625,
                2171.31298828125,
                2014.4713134765625,
                1867.2388916015625,
                1888.5048828125
            ]
        },
        "total": {
            "loss": [
                9358.9677734375,
                8962.8818359375,
                4890.21044921875,
                3655.986083984375,
                2722.1416015625,
                3278.052978515625,
                2613.63720703125,
                2371.958251953125,
                2254.833740234375,
                2075.606201171875,
                2133.99658203125,
                2122.6865234375,
                1958.6082763671875,
                1919.1802978515625,
                1856.76025390625
            ],
            "mean_absolute_error": [
                72.74176025390625,
                60.986328125,
                47.13168716430664,
                39.887481689453125,
                34.68265914916992,
                34.182777404785156,
                31.983226776123047,
                30.000337600708008,
                29.737510681152344,
                27.820388793945312,
                27.6158390045166,
                27.97509002685547,
                26.251922607421875,
                25.64974021911621,
                25.57484245300293
            ],
            "mean_absolute_percentage_error": [
                4686.482421875,
                8067.5859375,
                11905.1865234375,
                13856.126953125,
                17347.90234375,
                21849.84375,
                25177.34765625,
                27527.7421875,
                31620.490234375,
                36099.15625,
                39346.79296875,
                45631.4765625,
                48258.9453125,
                54685.8046875,
                57501.61328125
            ],
            "mean_squared_error": [
                9358.9677734375,
                8962.8828125,
                4890.2099609375,
                3655.986083984375,
                2722.141357421875,
                3278.05322265625,
                2613.637451171875,
                2371.958740234375,
                2254.83349609375,
                2075.606201171875,
                2133.996337890625,
                2122.686279296875,
                1958.6083984375,
                1919.180419921875,
                1856.760498046875
            ],